<?xml version='1.0' encoding='utf-8'?>
<!DOCTYPE hibernate-configuration PUBLIC
    "-//Hibernate/Hibernate Configuration DTD//EN"
    "http://hibernate.sourceforge.net/hibernate-configuration-3.0.dtd">
 
<hibernate-configuration>
    <session-factory>
     <property name="hibernate.connection.url">
        jdbc:mysql://localhost:3306/tutorial
     </property>
     <property name="hibernate.connection.username">
        root
     </property>
     <property name="hibernate.connection.password">
       umut
     </property>
     <property name="dialect">org.hibernate.dialect.MySQLDialect</property>
     <property name="hibernate.hbm2ddl.auto">update</property>
     <property name="show_sql">true</property>
     <property name="hibernate.connection.driver_class">
        com.mysql.jdbc.Driver
     </property>
     
     <mapping class="com.bean.Address" />
     <mapping class="com.bean.PhoneNumber"/>
     </session-factory>
</hibernate-configuration>